Exercise,Calves,Quad-riceps,Ham-strings,Gluteus,Hips other,Lower back,Lats,Trapezius,Abdominals,Pectorals,Deltoids,Triceps,Biceps,Forearms
Squat,1,2,1,2,2,1,0,0,2,0,0,0,0,0
Leg press,1,2,1,2,0,0,0,0,0,0,0,0,0,0
Lunge,0,2,2,2,2,0,0,0,0,0,0,0,0,0
Deadlift,1,2,2,2,2,2,0,1,1,0,0,0,0,1
Leg extension,0,2,0,0,0,0,0,0,0,0,0,0,0,0
Leg curl,1,0,2,0,0,0,0,0,0,0,0,0,0,0
Standing calf raise,2,0,0,0,0,0,0,0,0,0,0,0,0,0
Seated calf raise,2,0,0,0,0,0,0,0,0,0,0,0,0,0
Hip adductor,0,0,0,0,2,0,0,0,0,0,0,0,0,0
Bench press,0,0,0,0,0,0,0,0,0,2,1,2,0,0
Chest fly,0,0,0,0,0,0,0,0,0,2,1,0,0,0
Push-up,0,0,0,0,0,0,0,0,1,2,1,2,0,0
Pull-down,0,0,0,0,0,0,2,0,0,1,1,0,1,1
Pull-up,0,0,0,0,0,0,2,1,0,1,1,0,1,1
Bent-over row,0,0,0,0,0,0,2,1,0,0,0,0,1,1
Upright row,0,0,0,0,0,0,0,2,0,0,2,0,1,1
Shoulder press,0,0,0,0,0,0,0,1,0,0,2,1,0,0
Shoulder fly,0,0,0,0,0,0,0,1,0,0,2,0,0,1
Lateral raise,0,0,0,0,0,0,0,1,0,0,2,0,0,0
Shoulder shrug,0,0,0,0,0,0,0,2,0,0,1,0,0,1
Pushdown,0,0,0,0,0,0,0,0,0,0,0,2,0,0
Triceps extension,0,0,0,0,0,0,0,0,0,0,0,2,0,1
Biceps curl,0,0,0,0,0,0,0,0,0,0,0,0,2,1
Crunch,0,0,0,0,0,0,0,0,2,0,0,0,0,0
Russian twist,0,0,0,0,0,0,0,0,2,0,0,0,0,0
Leg raise,0,0,0,0,2,0,0,0,1,0,0,0,0,0
Back extension,0,0,1,2,0,2,0,0,0,0,0,0,0,0
